Trait,Marker,Marker1,Score,Effect,uniprot,protein_name
ID_2020_ADICP,33301,Chr3_92180840,7.11,NA,NA,NA
ID_2020_ADICP,33302,Chr3_92180843,7.16,NA,NA,NA
ID_2020_NDICP,33301,Chr3_92180840,7.77,NA,NA,NA
ID_2020_NDICP,33302,Chr3_92180843,7.81,NA,NA,NA
ID_2020_NDICP,90133,Chr8_74954096,6.65,NA,A0A2P5D6M2,UDP-glucose 6-dehydrogenase (EC 1.1.1.22)
ID_2020_B,935,Chr1_7492383,5.49,2.73605411877068,UPI000F7C5E7D,F-box/LRR-repeat protein 15 isoform X3
ID_2020_kd,75746,Chr7_63108639,5.69,-0.00538451074289836,A0A392MC82,Regulator of chromosome condensation family protein (Fragment)
ID_2020_ERD6,75746,Chr7_63108639,5.5,-1.58806536065588,A0A392MC82,Regulator of chromosome condensation family protein (Fragment)
OR_2020_SP,43915,Chr4_77368215,6.33,0.606055981615242,NA,NA
OR_2020_kd,86925,Chr8_51207274,6.47,0.00370238720530303,NA,NA
OR_2021_ADICP,68814,Chr6_113719739,6.52,0.102909383291262,A0A5N6QJB4,Thioredoxin domain-containing protein
OR_2021_NDICP,47172,Chr5_3700030,6.34,0.12103298236616,A0A444Z830,Peptidylprolyl isomerase (EC 5.2.1.8)
OR_2021_A2,60697,Chr6_22321460,6.16,5.21698474256141,A0A4D6LVX8,Cleavage stimulation factor subunit 3
OR_2021_B2,82117,Chr8_9578043,6.21,0.331418259142083,I1KGC9,Uncharacterized protein
OR_2021_A,72427,Chr7_33866640,5.66,-2.09702043366323,NA,NA
WA_2020_aNDForm,86497,Chr8_46913660,5.85,-2.6488381787579,NA,NA
WA_2020_ADICP,14791,Chr2_19520401,5.83,-0.130487923051813,UPI0010A4FC42,probable 3-hydroxyisobutyrate dehydrogenase, mitochondrial isoform X1
WA_2020_SP,52640,Chr5_60016720,5.78,-1.44201227406778,NA,NA
WA_2020_A,44076,Chr4_77929059,6.5,2.0031431879335,I3STU4,Uncharacterized protein
WA_2020_B,44076,Chr4_77929059,7.12,-2.03089366797315,I3STU4,Uncharacterized protein
WA_2021_CP,27044,Chr3_38756284,6.42,NA,A0A0B2QPM0,Uncharacterized protein (Fragment)
WA_2021_A2,4158,Chr1_37676198,7.13,NA,NA,NA
WA_2021_B1,4158,Chr1_37676198,7.01,NA,NA,NA
WA_2021_B1,58518,Chr6_3593463,6.52,-2.39562325898919,A0A396HDD4,Uncharacterized protein
WA_2021_B1,58519,Chr6_3593483,6.52,2.39562325898601,A0A396HDD4,Uncharacterized protein
WA_2021_B2,91829,Chr8_86507159,6.36,-0.369154681441159,A0A072V7B7,EEIG1/EHBP1 protein amino-terminal domain protein
WA_2021_A,4158,Chr1_37676198,6.58,NA,NA,NA
WA_2021_A,58518,Chr6_3593463,6.34,-1.38811247038245,A0A396HDD4,Uncharacterized protein
WA_2021_A,58519,Chr6_3593483,6.34,1.38811247038223,A0A396HDD4,Uncharacterized protein
WA_2021_A,59294,Chr6_11821355,5.57,-1.31365259775885,NA,NA
WA_2021_B,4158,Chr1_37676198,6.54,NA,NA,NA
