Trait,Marker,Marker1,Score,Effect,uniprot,protein_name
WA_2020_A,44076,Chr4_77929059,6.63,1.25474379841096,I3STU4,Uncharacterized protein
WA_2021_A,83741,Chr8_20816275,6.8,NA,UPI000E1D4576,ribosome biogenesis protein WDR12 homolog
WA_2021_A,4158,Chr1_37676198,6.61,0.458926095976494,NA,NA
WA_2021_A,58517,Chr6_3593448,5.87,0.684337441460229,A0A396HDD4,Uncharacterized protein
WA_2021_A,58518,Chr6_3593463,6.36,-0.662930469086859,A0A396HDD4,Uncharacterized protein
WA_2021_A,58519,Chr6_3593483,6.36,0.662930468446575,A0A396HDD4,Uncharacterized protein
WA_2021_A2,4158,Chr1_37676198,6.86,NA,NA,NA
OR_2021_ADICP,68814,Chr6_113719739,6.57,0.0632833276940801,A0A5N6QJB4,Thioredoxin domain-containing protein
WA_2020_ADICP,14791,Chr2_19520401,5.66,-0.0977234564459231,UPI0010A4FC42,probable 3-hydroxyisobutyrate dehydrogenase, mitochondrial isoform X1
all_Ash,27429,Chr3_43222952,7.4,NA,NA,NA
all_Ash,15158,Chr2_21954840,6.3,0.0990841349121183,UPI001016AAD9,NADH dehydrogenase [ubiquinone] 1 alpha subcomplex subunit 2
WA_2020_B,44076,Chr4_77929059,7.28,-1.23529761948464,I3STU4,Uncharacterized protein
WA_2021_B,4158,Chr1_37676198,6.44,NA,NA,NA
WA_2021_B1,4158,Chr1_37676198,6.35,0.616332876961678,NA,NA
WA_2021_B1,58517,Chr6_3593448,5.94,0.941752623300999,A0A396HDD4,Uncharacterized protein
WA_2021_B1,58518,Chr6_3593463,6.3,-0.90216550976038,A0A396HDD4,Uncharacterized protein
WA_2021_B1,58519,Chr6_3593483,6.3,0.90216550976038,A0A396HDD4,Uncharacterized protein
OR_2021_B2,82117,Chr8_9578043,6.19,0.27093267327291,I1KGC9,Uncharacterized protein
OR_2020_CP,48247,Chr5_11734606,6.54,-0.478251710735261,NA,NA
ID_2020_ER6,75746,Chr7_63108639,5.55,-1.15144892215815,A0A392MC82,Regulator of chromosome condensation family protein (Fragment)
ID_2020_kd,75746,Chr7_63108639,5.84,-0.00334374114343738,A0A392MC82,Regulator of chromosome condensation family protein (Fragment)
ID_2020_NDICP,33301,Chr3_92180840,6.79,NA,NA,NA
ID_2020_NDICP,33302,Chr3_92180843,6.79,NA,NA,NA
ID_2020_NDICP,90133,Chr8_74954096,6.33,NA,A0A2P5D6M2,UDP-glucose 6-dehydrogenase (EC 1.1.1.22)
OR_2021_NDICP,47172,Chr5_3700030,6.4,0.0889212979200238,A0A444Z830,Peptidylprolyl isomerase (EC 5.2.1.8)
OR_2021_NDICP,68814,Chr6_113719739,6.24,0.139509016036754,A0A5N6QJB4,Thioredoxin domain-containing protein
OR_2020_SP,43915,Chr4_77368215,6.37,0.318358737976894,NA,NA
WA_2021_SP,84211,Chr8_25109339,5.52,0.760461070002748,A0A2C9VTA9,AT-hook motif nuclear-localized protein
