Trait,Model,Threshold,Marker,Chrom,Position,Ref,Alt,Score,Effect
Ash,2-dom-ref,6.14,72645,Chr7,36295249,0,1,6.21,0.335800822041936
C,general,6.27,43460,Chr4,74919811,0,1,6.37,NA
C,general,6.27,60570,Chr6,21685843,0,1,6.46,NA
C,additive,6.27,43460,Chr4,74919811,0,1,7.32,0.128779626894897
C,additive,6.27,45077,Chr4,84087441,0,1,6.33,-0.116162537564184
C,additive,6.27,60570,Chr6,21685843,0,1,7.09,0.189693967068536
C,diplo-additive,5.79,43460,Chr4,74919811,0,1,6.27,0.307847783478479
C,diplo-additive,5.79,44846,Chr4,82856159,0,1,6.14,-0.354983006996235
C,diplo-additive,5.79,44847,Chr4,82856163,0,1,6.14,0.35498300699679
C,diplo-additive,5.79,44900,Chr4,83441127,0,1,6.14,-0.354983006996235
C,diplo-general,5.79,43460,Chr4,74919811,0,1,6.27,NA
C,diplo-general,5.79,44846,Chr4,82856159,0,1,6.14,NA
C,diplo-general,5.79,44847,Chr4,82856163,0,1,6.14,NA
C,diplo-general,5.79,44900,Chr4,83441127,0,1,6.14,NA
C,1-dom-alt,5.49,44846,Chr4,82856159,0,1,6.14,-0.354983006996235
C,1-dom-alt,5.49,44900,Chr4,83441127,0,1,6.14,-0.354983006996235
C,1-dom-ref,5.48,43460,Chr4,74919811,0,1,6.27,0.307847783478303
C,1-dom-ref,5.48,44847,Chr4,82856163,0,1,6.14,0.35498300699656
C,2-dom-alt,6.14,60570,Chr6,21685843,0,1,7.38,0.287183515319965
C,2-dom-ref,6.14,43460,Chr4,74919811,0,1,7.07,0.277278385070794
C,2-dom-ref,6.14,45017,Chr4,83819379,0,1,6.15,0.325405889724387
