Trait,Model,Threshold,Marker,Chrom,Position,Ref,Alt,Score,Effect
Ash,2-dom-ref,6.14,72645,Chr7,36295249,0,1,6.21,0.335800822041936
C,general,6.27,43460,Chr4,74919811,0,1,6.37,NA
C,general,6.27,60570,Chr6,21685843,0,1,6.46,NA
C,additive,6.27,45077,Chr4,84087441,0,1,6.33,-0.116162537564184
C,diplo-additive,5.79,44846,Chr4,82856159,0,1,6.14,-0.354983006996235
C,diplo-additive,5.79,44847,Chr4,82856163,0,1,6.14,0.35498300699679
C,diplo-additive,5.79,44900,Chr4,83441127,0,1,6.14,-0.354983006996235
C,2-dom-ref,6.14,45017,Chr4,83819379,0,1,6.15,0.325405889724387
